{"sections":{"main":{"type":"main-blog","blocks":{"title":{"type":"title","settings":{"show_date":true,"show_author":false}},"summary":{"type":"summary","settings":{"truncate_words":10}},"link":{"type":"link","settings":{"show_link_read_more":false}}},"block_order":["title","summary","link"],"settings":{"show_image":true,"show_filter_articles":true,"items_per_page":6,"items_per_row":3,"content_position":"left","use_outline":false,"pagination_type":"pagination_list","tag_1_background_cover":"#E13124","tag_2_background_cover":"#FF6601","tag_3_background_cover":"#286EF1","tag_4_background_cover":"#6542CA"}},"icons_bar":{"type":"icons-bar","blocks":{"icon-bar-1":{"type":"icon","settings":{"icon":"truck","text":"<p><b>ITEM BAR TITLE<\/b><\/p><p>Share shipping, delivery, policy information.<\/p>"}},"icon-bar-2":{"type":"icon","settings":{"icon":"clock","text":"<p><b>ITEM BAR TITLE<\/b><\/p><p>Share shipping, delivery, policy information.<\/p>"}},"icon-bar-3":{"type":"icon","settings":{"icon":"calendar","text":"<p><b>ITEM BAR TITLE<\/b><\/p><p>Share shipping, delivery, policy information.<\/p>"}},"icon-bar-4":{"type":"icon","settings":{"icon":"clipboard-check","text":"<p><b>ITEM BAR TITLE<\/b><\/p><p>Share shipping, delivery, policy information.<\/p>"}}},"block_order":["icon-bar-1","icon-bar-2","icon-bar-3","icon-bar-4"],"disabled":true,"settings":{"color_scheme":"background-2","visibility":"all","swipe_on_mobile":true,"border":false,"shadow":false,"separator":false}}},"order":["main","icons_bar"]}