{"sections":{"cart":{"type":"main-cart","settings":{"show_vendor":false,"show_cart_note":true}},"icons_bar":{"type":"icons-bar","blocks":{"icon-bar-1":{"type":"icon","settings":{"icon":"truck","text":"<p><strong>ITEM BAR TITLE<\/strong><\/p><p>Share shipping, delivery, policy information.<\/p>"}},"icon-bar-2":{"type":"icon","settings":{"icon":"clock","text":"<p><b>ITEM BAR TITLE<\/b><\/p><p>Share shipping, delivery, policy information.<\/p>"}},"icon-bar-3":{"type":"icon","settings":{"icon":"calendar","text":"<p><b>ITEM BAR TITLE<\/b><\/p><p>Share shipping, delivery, policy information.<\/p>"}},"icon-bar-4":{"type":"icon","settings":{"icon":"clipboard-check","text":"<p><b>ITEM BAR TITLE<\/b><\/p><p>Share shipping, delivery, policy information.<\/p>"}}},"block_order":["icon-bar-1","icon-bar-2","icon-bar-3","icon-bar-4"],"disabled":true,"settings":{"color_scheme":"background-2","visibility":"all","swipe_on_mobile":true,"border":false,"shadow":false,"separator":false}},"featured_collection_aytNzJ":{"type":"featured-collection","settings":{"title":"Productos destacados","collection":"frontpage","products_to_show":4,"products_per_row":4,"swipe_on_mobile":true,"show_mobile_scrollbar":true,"slideshow_ui_type":"buttons","show_view_all":true,"view_all_appearance":"button","view_all_position":"title","badge_size":"sm","badge_border_radius":1,"image_ratio":"settings|product_card_image_ratio","show_to_cart_button":true,"add_cover":true,"cover_text_color":"#000000","cover_background":"#a8d4b8","cover_background_gradient":"","cover_button_text_color":"#ffffff","cover_button_background":"#2b4f9e","cover_button_background_gradient":""}}},"order":["cart","icons_bar","featured_collection_aytNzJ"]}