{
  "sections": {
    "collection": {
      "type": "main-collection",
      "blocks": {
        "title": {
          "type": "title",
          "settings": {
          }
        },
        "image": {
          "type": "image",
          "settings": {
            "ratio": "1\/3"
          }
        },
        "featured": {
          "type": "featured",
          "disabled": true,
          "settings": {
            "heading": "Special Offers",
            "source": [

            ],
            "products_per_page": 4,
            "is_random": true,
            "is_preload": false,
            "badge_size": "sm",
            "badge_border_radius": 1,
            "image_ratio": "settings|product_card_image_ratio",
            "show_to_cart_button": true,
            "cover_text_color": "#ffffff",
            "cover_background": "#1c73f5"
          }
        },
        "filters": {
          "type": "filters",
          "settings": {
            "position": "left-open",
            "show_colors_as_swatches": true,
            "show_color_swatch_labels": true
          }
        },
        "products": {
          "type": "products",
          "settings": {
            "show_sorting": true,
            "show_mode": true,
            "mode": "grid",
            "per_page": 12,
            "columns": 4,
            "is_preload": false,
            "pagination_type": "pagination_list",
            "badge_size": "sm",
            "badge_border_radius": 1,
            "image_ratio": "settings|product_card_image_ratio",
            "show_description": false,
            "show_swatch_options_color": false,
            "show_to_cart_button": true
          }
        },
        "description": {
          "type": "description",
          "settings": {
            "is_collapsed": true,
            "initial_lines": 5
          }
        }
      },
      "block_order": [
        "title",
        "image",
        "featured",
        "filters",
        "products",
        "description"
      ],
      "settings": {
      }
    },
    "icons_bar": {
      "type": "icons-bar",
      "blocks": {
        "icon-bar-1": {
          "type": "icon",
          "settings": {
            "icon": "truck",
            "text": "<p><b>ITEM BAR TITLE<\/b><\/p><p>Share shipping, delivery, policy information.<\/p>"
          }
        },
        "icon-bar-2": {
          "type": "icon",
          "settings": {
            "icon": "clock",
            "text": "<p><b>ITEM BAR TITLE<\/b><\/p><p>Share shipping, delivery, policy information.<\/p>"
          }
        },
        "icon-bar-3": {
          "type": "icon",
          "settings": {
            "icon": "calendar",
            "text": "<p><b>ITEM BAR TITLE<\/b><\/p><p>Share shipping, delivery, policy information.<\/p>"
          }
        },
        "icon-bar-4": {
          "type": "icon",
          "settings": {
            "icon": "clipboard-check",
            "text": "<p><b>ITEM BAR TITLE<\/b><\/p><p>Share shipping, delivery, policy information.<\/p>"
          }
        }
      },
      "block_order": [
        "icon-bar-1",
        "icon-bar-2",
        "icon-bar-3",
        "icon-bar-4"
      ],
      "disabled": true,
      "settings": {
        "color_scheme": "background-2",
        "visibility": "all",
        "swipe_on_mobile": true,
        "border": false,
        "shadow": false,
        "separator": false
      }
    }
  },
  "order": [
    "collection",
    "icons_bar"
  ]
}
