{"sections":{"image_slider":{"type":"slideshow","blocks":{"blue":{"type":"image","settings":{"title":"Tecnología","image":"shopify:\/\/shop_images\/Banner_1_tech.webp","link":"https:\/\/justbuy.com.co\/collections\/tecnologia","video_url":"","content_title":"","description":"","button_title":"","button_link":"","slideshow_content_position":"left","slideshow_content_background":"#d4d8da","slideshow_content_background_opacity":95,"slideshow_content_foreground":"#2e2e2e","slideshow_content_button_background":"#1b7cfa","slideshow_content_button_foreground":"#ffffff"}},"green":{"type":"image","settings":{"title":"Herramientas","image":"shopify:\/\/shop_images\/Banner_4_casa.webp","link":"https:\/\/justbuy.com.co\/collections\/herramientas","video_url":"","content_title":"","description":"","button_title":"","button_link":"","slideshow_content_position":"left","slideshow_content_background":"#d4d8da","slideshow_content_background_opacity":95,"slideshow_content_foreground":"#2e2e2e","slideshow_content_button_background":"#1e8060","slideshow_content_button_foreground":"#ffffff"}},"black":{"type":"image","settings":{"title":"Juguetería","image":"shopify:\/\/shop_images\/Banner_3_juguetes.webp","link":"https:\/\/justbuy.com.co\/collections\/jugueteria","video_url":"","content_title":"","description":"","button_title":"","button_link":"","slideshow_content_position":"left","slideshow_content_background":"#d4d8da","slideshow_content_background_opacity":95,"slideshow_content_foreground":"#2e2e2e","slideshow_content_button_background":"#000000","slideshow_content_button_foreground":"#ffffff"}}},"block_order":["blue","green","black"],"settings":{"color_bg":"#d4d8da","max_width":"","loop":true,"autoplay":true,"delay":"5","slides_per_view":"1","slide_height":"auto","scope_visibility":"all_screens","navigation":true,"pagination":true,"slider_content_animation":true,"slider_preload_first":true}},"home-banners-1":{"type":"multicolumn","blocks":{"col-1":{"type":"column","settings":{"title":"No más enredos","sub_title":"","text":"<p>Compra seguro y con confianza.<\/p>","link":"","image_enabled":true,"image":"shopify:\/\/shop_images\/B2-1.webp","image_spaced":false,"add_cover":true,"cover_background":"#023341","cover_background_gradient":"","color_title":"#ffffff","color_text":"#ffffff","bg_color_subtitle":"#ffffff","subtitle_background_gradient":""}},"column_kYGJbw":{"type":"column","settings":{"title":"Al alcance de un clic","sub_title":"","text":"<p>Transforma tu experiencia en un solo instante. <\/p>","link":"","image_enabled":true,"image":"shopify:\/\/shop_images\/B2-2.webp","image_spaced":false,"add_cover":true,"cover_background":"#ffffff","cover_background_gradient":"","color_title":"#023341","color_text":"#036887","bg_color_subtitle":"#1c73f5","subtitle_background_gradient":""}},"column_c8Wtr7":{"type":"column","settings":{"title":"Tu tienda ideal","sub_title":"","text":"<p>Descubre la tienda perfecta para ti.<\/p>","link":"","image_enabled":true,"image":"shopify:\/\/shop_images\/B2-3.webp","image_spaced":false,"add_cover":true,"cover_background":"#036887","cover_background_gradient":"","color_title":"#ffffff","color_text":"#ffffff","bg_color_subtitle":"#1c73f5","subtitle_background_gradient":""}}},"block_order":["col-1","column_kYGJbw","column_c8Wtr7"],"settings":{"title":"","image_width":"w-1\/2","image_ratio":"adapt","column_alignment":"left","column_direction":"row-reverse","button_label":"","button_link":"","swipe_on_mobile":false,"content_animation":true}},"highlight-magazine-headphones":{"type":"featured-collection","settings":{"title":"Tecnología","collection":"tecnologia","products_to_show":4,"products_per_row":4,"swipe_on_mobile":true,"show_mobile_scrollbar":true,"slideshow_ui_type":"buttons","show_view_all":true,"view_all_appearance":"button","view_all_position":"title","badge_size":"xs","badge_border_radius":1,"image_ratio":"settings|product_card_image_ratio","show_to_cart_button":false,"add_cover":false,"cover_text_color":"#023341","cover_background":"#ffffff","cover_background_gradient":"","cover_button_text_color":"#023341","cover_button_background":"#ffffff","cover_button_background_gradient":""}},"highlight-magazine-smartphones":{"type":"featured-collection","settings":{"title":"Herramientas","collection":"herramientas","products_to_show":4,"products_per_row":4,"swipe_on_mobile":true,"show_mobile_scrollbar":true,"slideshow_ui_type":"buttons","show_view_all":true,"view_all_appearance":"button","view_all_position":"title","badge_size":"xs","badge_border_radius":1,"image_ratio":"settings|product_card_image_ratio","show_to_cart_button":false,"add_cover":false,"cover_text_color":"#ffffff","cover_background":"#fd5e02","cover_background_gradient":"","cover_button_text_color":"#023341","cover_button_background":"#ffffff","cover_button_background_gradient":""}},"highlight-magazine-activity":{"type":"featured-collection","settings":{"title":"Juguetes","collection":"jugueteria","products_to_show":4,"products_per_row":4,"swipe_on_mobile":true,"show_mobile_scrollbar":true,"slideshow_ui_type":"buttons","show_view_all":true,"view_all_appearance":"button","view_all_position":"title","badge_size":"xs","badge_border_radius":1,"image_ratio":"settings|product_card_image_ratio","show_to_cart_button":false,"add_cover":false,"cover_text_color":"#ffffff","cover_background":"#023341","cover_background_gradient":"","cover_button_text_color":"#023341","cover_button_background":"#ffffff","cover_button_background_gradient":""}},"favourite_products":{"type":"featured-collection","settings":{"title":"Cocina","collection":"cocina","products_to_show":4,"products_per_row":4,"swipe_on_mobile":true,"show_mobile_scrollbar":true,"slideshow_ui_type":"buttons","show_view_all":true,"view_all_appearance":"button","view_all_position":"title","badge_size":"xs","badge_border_radius":1,"image_ratio":"settings|product_card_image_ratio","show_to_cart_button":false,"add_cover":false,"cover_text_color":"#ffffff","cover_background":"#023341","cover_background_gradient":"","cover_button_text_color":"#333333","cover_button_background":"#ffffff","cover_button_background_gradient":""}},"our_collections":{"type":"our-list-collections","disabled":true,"settings":{"heading":"Categorías","collection_list":["hogar","cocina","herramientas","jugueteria","tecnologia"],"sort":"alphabetical","collection_url":"shopify:\/\/collections","view_all_appearance":"button","cols":5,"collections_per_row":5,"image_position":"contain","show_mobile_scrollbar":true,"slideshow_ui_type":"buttons","show_item_border":false,"cover_background":"#ffffff","cover_text_color":"#023341","title_cover_background":"#ffffff"}},"collection_list_qkzDTw":{"type":"collection-list","blocks":{"featured_collection_3zkKQC":{"type":"featured_collection","settings":{"collection":"hogar"}},"featured_collection_79LjkV":{"type":"featured_collection","settings":{"collection":"tecnologia"}},"featured_collection_pEMKVb":{"type":"featured_collection","settings":{"collection":"herramientas"}},"featured_collection_8cAzRn":{"type":"featured_collection","settings":{"collection":"jugueteria"}}},"block_order":["featured_collection_3zkKQC","featured_collection_79LjkV","featured_collection_pEMKVb","featured_collection_8cAzRn"],"settings":{"title":"Categorías","show_view_all":false}},"modern_gadgets":{"type":"image-with-text","blocks":{"title":{"type":"heading","settings":{"heading":"Muy cerca de tus sueños"}},"content":{"type":"text","settings":{"text":"<p>Descubre un mundo de posibilidades infinitas. Tus sueños más cerca que nunca. <em>¡Hazlos realidad ahora!<\/em><\/p>"}},"action":{"type":"button","settings":{"button_label":"View all","button_link":""}}},"block_order":["title","content","action"],"settings":{"full_width":false,"two_column_layout":false,"image":"shopify:\/\/shop_images\/B2-4.webp","color_scheme":"accent-1","layout":"image_first","text_align":"center"}}},"order":["image_slider","home-banners-1","highlight-magazine-headphones","highlight-magazine-smartphones","highlight-magazine-activity","favourite_products","our_collections","collection_list_qkzDTw","modern_gadgets"]}