{
  "sections": {
    "image_slider": {
      "type": "slideshow",
      "blocks": {
        "blue": {
          "type": "image",
          "settings": {
            "title": "Tecnología",
            "image": "shopify:\/\/shop_images\/banner_7-100.jpg",
            "link": "https:\/\/justbuy.com.co\/collections\/tecnologia",
            "video_url": "",
            "content_title": "",
            "description": "",
            "button_title": "",
            "button_link": "",
            "slideshow_content_position": "left",
            "slideshow_content_background": "#d4d8da",
            "slideshow_content_background_opacity": 95,
            "slideshow_content_foreground": "#2e2e2e",
            "slideshow_content_button_background": "#1b7cfa",
            "slideshow_content_button_foreground": "#ffffff"
          }
        },
        "black": {
          "type": "image",
          "settings": {
            "title": "Audifonos",
            "image": "shopify:\/\/shop_images\/banner_4-100.jpg",
            "link": "https:\/\/justbuy.com.co\/collections\/jugueteria",
            "video_url": "",
            "content_title": "",
            "description": "",
            "button_title": "",
            "button_link": "",
            "slideshow_content_position": "left",
            "slideshow_content_background": "#d4d8da",
            "slideshow_content_background_opacity": 95,
            "slideshow_content_foreground": "#2e2e2e",
            "slideshow_content_button_background": "#000000",
            "slideshow_content_button_foreground": "#ffffff"
          }
        },
        "green": {
          "type": "image",
          "settings": {
            "title": "Reloj",
            "image": "shopify:\/\/shop_images\/banner_2-100.jpg",
            "link": "https:\/\/justbuy.com.co\/collections\/herramientas",
            "video_url": "",
            "content_title": "",
            "description": "",
            "button_title": "",
            "button_link": "",
            "slideshow_content_position": "left",
            "slideshow_content_background": "#d4d8da",
            "slideshow_content_background_opacity": 95,
            "slideshow_content_foreground": "#2e2e2e",
            "slideshow_content_button_background": "#1e8060",
            "slideshow_content_button_foreground": "#ffffff"
          }
        },
        "image_Y4d8PB": {
          "type": "image",
          "settings": {
            "title": "Audifonos",
            "image": "shopify:\/\/shop_images\/banner_6-100.jpg",
            "link": "",
            "video_url": "",
            "content_title": "",
            "description": "",
            "button_title": "",
            "button_link": "",
            "slideshow_content_position": "left",
            "slideshow_content_background": "#c0c0c0",
            "slideshow_content_background_opacity": 90,
            "slideshow_content_foreground": "#2e2e2e",
            "slideshow_content_button_background": "#000000",
            "slideshow_content_button_foreground": "#ffffff"
          }
        }
      },
      "block_order": [
        "blue",
        "black",
        "green",
        "image_Y4d8PB"
      ],
      "settings": {
        "color_bg": "#d4d8da",
        "max_width": "",
        "loop": true,
        "autoplay": true,
        "delay": "5",
        "slides_per_view": "1",
        "slide_height": "auto",
        "scope_visibility": "all_screens",
        "navigation": true,
        "pagination": true,
        "slider_content_animation": true,
        "slider_preload_first": true
      }
    },
    "home-banners-1": {
      "type": "multicolumn",
      "blocks": {
        "col-1": {
          "type": "column",
          "settings": {
            "title": "",
            "sub_title": "",
            "text": "<p>Compra seguro y con confianza.<\/p>",
            "link": "",
            "image_enabled": false,
            "image": "shopify:\/\/shop_images\/Mesa_de_trabajo_6.png",
            "image_spaced": true,
            "add_cover": true,
            "cover_background": "#ffffff",
            "cover_background_gradient": "linear-gradient(90deg, rgba(43, 79, 158, 1) 11%, rgba(14, 15, 33, 1) 90%)",
            "color_title": "#ffffff",
            "color_text": "#ffffff",
            "bg_color_subtitle": "#ffffff",
            "subtitle_background_gradient": ""
          }
        },
        "column_kYGJbw": {
          "type": "column",
          "settings": {
            "title": "",
            "sub_title": "",
            "text": "<p>Envíos confiables y rapidos.<\/p>",
            "link": "",
            "image_enabled": false,
            "image": "shopify:\/\/shop_images\/Mesa_de_trabajo_9_1.png",
            "image_spaced": true,
            "add_cover": true,
            "cover_background": "#ffffff",
            "cover_background_gradient": "",
            "color_title": "#2b4f9e",
            "color_text": "#000000",
            "bg_color_subtitle": "#2b4f9e",
            "subtitle_background_gradient": ""
          }
        },
        "column_c8Wtr7": {
          "type": "column",
          "settings": {
            "title": "",
            "sub_title": "",
            "text": "<p>Tecnologia perfecta para ti.<\/p>",
            "link": "",
            "image_enabled": false,
            "image": "shopify:\/\/shop_images\/Mesa_de_trabajo_7.png",
            "image_spaced": true,
            "add_cover": true,
            "cover_background": "#a8d4b8",
            "cover_background_gradient": "linear-gradient(90deg, rgba(43, 79, 158, 1) 13%, rgba(14, 15, 33, 1) 86%)",
            "color_title": "#ffffff",
            "color_text": "#ffffff",
            "bg_color_subtitle": "#a8d4b8",
            "subtitle_background_gradient": ""
          }
        }
      },
      "block_order": [
        "col-1",
        "column_kYGJbw",
        "column_c8Wtr7"
      ],
      "settings": {
        "title": "",
        "image_width": "w-1\/2",
        "image_ratio": "adapt",
        "column_alignment": "left",
        "column_direction": "row-reverse",
        "button_label": "",
        "button_link": "",
        "swipe_on_mobile": false,
        "content_animation": false
      }
    },
    "highlight-magazine-headphones": {
      "type": "featured-collection",
      "settings": {
        "title": "Audifonos",
        "collection": "audifonos",
        "products_to_show": 4,
        "products_per_row": 4,
        "swipe_on_mobile": true,
        "show_mobile_scrollbar": true,
        "slideshow_ui_type": "buttons",
        "show_view_all": true,
        "view_all_appearance": "button",
        "view_all_position": "title",
        "badge_size": "xs",
        "badge_border_radius": 1,
        "image_ratio": "settings|product_card_image_ratio",
        "show_to_cart_button": false,
        "add_cover": false,
        "cover_text_color": "#000000",
        "cover_background": "#ffffff",
        "cover_background_gradient": "",
        "cover_button_text_color": "#000000",
        "cover_button_background": "#ffffff",
        "cover_button_background_gradient": ""
      }
    },
    "highlight-magazine-smartphones": {
      "type": "featured-collection",
      "settings": {
        "title": "Relojes",
        "collection": "relojes",
        "products_to_show": 4,
        "products_per_row": 4,
        "swipe_on_mobile": true,
        "show_mobile_scrollbar": true,
        "slideshow_ui_type": "buttons",
        "show_view_all": true,
        "view_all_appearance": "button",
        "view_all_position": "title",
        "badge_size": "xs",
        "badge_border_radius": 1,
        "image_ratio": "settings|product_card_image_ratio",
        "show_to_cart_button": false,
        "add_cover": false,
        "cover_text_color": "#000000",
        "cover_background": "#ffffff",
        "cover_background_gradient": "",
        "cover_button_text_color": "#000000",
        "cover_button_background": "#ffffff",
        "cover_button_background_gradient": ""
      }
    },
    "highlight-magazine-activity": {
      "type": "featured-collection",
      "disabled": true,
      "settings": {
        "title": "Moda",
        "collection": "hogar",
        "products_to_show": 4,
        "products_per_row": 4,
        "swipe_on_mobile": true,
        "show_mobile_scrollbar": true,
        "slideshow_ui_type": "buttons",
        "show_view_all": true,
        "view_all_appearance": "button",
        "view_all_position": "title",
        "badge_size": "xs",
        "badge_border_radius": 1,
        "image_ratio": "settings|product_card_image_ratio",
        "show_to_cart_button": false,
        "add_cover": false,
        "cover_text_color": "#ffffff",
        "cover_background": "#023341",
        "cover_background_gradient": "",
        "cover_button_text_color": "#023341",
        "cover_button_background": "#ffffff",
        "cover_button_background_gradient": ""
      }
    },
    "favourite_products": {
      "type": "featured-collection",
      "disabled": true,
      "settings": {
        "title": "Cocina",
        "collection": "cocina",
        "products_to_show": 4,
        "products_per_row": 4,
        "swipe_on_mobile": true,
        "show_mobile_scrollbar": true,
        "slideshow_ui_type": "buttons",
        "show_view_all": true,
        "view_all_appearance": "button",
        "view_all_position": "title",
        "badge_size": "xs",
        "badge_border_radius": 1,
        "image_ratio": "settings|product_card_image_ratio",
        "show_to_cart_button": false,
        "add_cover": false,
        "cover_text_color": "#ffffff",
        "cover_background": "#023341",
        "cover_background_gradient": "",
        "cover_button_text_color": "#333333",
        "cover_button_background": "#ffffff",
        "cover_button_background_gradient": ""
      }
    },
    "collection_list_qkzDTw": {
      "type": "collection-list",
      "blocks": {
        "featured_collection_3zkKQC": {
          "type": "featured_collection",
          "settings": {
            "collection": "audifonos"
          }
        },
        "featured_collection_79LjkV": {
          "type": "featured_collection",
          "settings": {
            "collection": "relojes"
          }
        },
        "featured_collection_pEMKVb": {
          "type": "featured_collection",
          "disabled": true,
          "settings": {
            "collection": "herramientas"
          }
        },
        "featured_collection_8cAzRn": {
          "type": "featured_collection",
          "disabled": true,
          "settings": {
            "collection": "jugueteria"
          }
        }
      },
      "block_order": [
        "featured_collection_3zkKQC",
        "featured_collection_79LjkV",
        "featured_collection_pEMKVb",
        "featured_collection_8cAzRn"
      ],
      "settings": {
        "title": "Categorías",
        "show_view_all": false
      }
    },
    "modern_gadgets": {
      "type": "image-with-text",
      "blocks": {
        "title": {
          "type": "heading",
          "disabled": true,
          "settings": {
            "heading": "Calidad y Accesibilidad"
          }
        },
        "content": {
          "type": "text",
          "disabled": true,
          "settings": {
            "text": "<p>Descubre un mundo de posibilidades infinitas. Tus productos tecnologicos mas cerca de ti. <em>¡Obtenlos ahora!<\/em><\/p>"
          }
        }
      },
      "block_order": [
        "title",
        "content"
      ],
      "disabled": true,
      "settings": {
        "full_width": false,
        "two_column_layout": false,
        "image": "shopify:\/\/shop_images\/banner_2-100.jpg",
        "color_scheme": "background-1",
        "layout": "image_first",
        "text_align": "center"
      }
    }
  },
  "order": [
    "image_slider",
    "home-banners-1",
    "highlight-magazine-headphones",
    "highlight-magazine-smartphones",
    "highlight-magazine-activity",
    "favourite_products",
    "collection_list_qkzDTw",
    "modern_gadgets"
  ]
}
