{"sections":{"main":{"type":"main-list-collections","settings":{"title":"Collections","sort":"alphabetical","image_ratio":"portrait","items_per_page":9,"cols":4,"heading_size":24,"pagination_type":"pagination_list","show_descriptions_on_desktop":false,"qty_words_to_show":"10","hide_images_on_mobile":false}},"icons_bar":{"type":"icons-bar","blocks":{"icon-bar-1":{"type":"icon","settings":{"icon":"truck","text":"<p><b>ITEM BAR TITLE<\/b><\/p><p>Share shipping, delivery, policy information.<\/p>"}},"icon-bar-2":{"type":"icon","settings":{"icon":"clock","text":"<p><strong>ITEM BAR TITLE<\/strong><\/p><p>Share shipping, delivery, policy information.<\/p>"}},"icon-bar-3":{"type":"icon","settings":{"icon":"calendar","text":"<p><b>ITEM BAR TITLE<\/b><\/p><p>Share shipping, delivery, policy information.<\/p>"}},"icon-bar-4":{"type":"icon","settings":{"icon":"clipboard-check","text":"<p><b>ITEM BAR TITLE<\/b><\/p><p>Share shipping, delivery, policy information.<\/p>"}}},"block_order":["icon-bar-1","icon-bar-2","icon-bar-3","icon-bar-4"],"disabled":true,"settings":{"color_scheme":"background-2","visibility":"all","swipe_on_mobile":true,"border":false,"shadow":false,"separator":false}}},"order":["main","icons_bar"]}