{"sections":{"main":{"type":"main-page","settings":{"layout_max_width":780}},"form":{"type":"contact-form","blocks":{"block-1":{"type":"contact_us","settings":{"title":"Tienes preguntas?","subtitle":"","company_info":"<p><strong>Booyah Online<\/strong><\/p><p>Carrera 50 # 138 - 44<\/p>","contact_info":"Contact Info","show_social_icons":false,"social_heading":"Follow us"}},"block-2":{"type":"location","disabled":true,"settings":{"api_key":"","position_latitude":"","position_longitude":"","street_address":"","postcode":"","city":"","region_id":"","country_id":"","phone":"","email":""}}},"block_order":["block-1","block-2"],"settings":{}},"icons_bar":{"type":"icons-bar","blocks":{"icon-bar-1":{"type":"icon","settings":{"icon":"truck","text":"<p><b>ITEM BAR TITLE<\/b><\/p><p>Share shipping, delivery, policy information.<\/p>"}},"icon-bar-2":{"type":"icon","settings":{"icon":"clock","text":"<p><b>ITEM BAR TITLE<\/b><\/p><p>Share shipping, delivery, policy information.<\/p>"}},"icon-bar-3":{"type":"icon","settings":{"icon":"calendar","text":"<p><b>ITEM BAR TITLE<\/b><\/p><p>Share shipping, delivery, policy information.<\/p>"}},"icon-bar-4":{"type":"icon","settings":{"icon":"clipboard-check","text":"<p><b>ITEM BAR TITLE<\/b><\/p><p>Share shipping, delivery, policy information.<\/p>"}}},"block_order":["icon-bar-1","icon-bar-2","icon-bar-3","icon-bar-4"],"disabled":true,"settings":{"color_scheme":"background-2","visibility":"all","swipe_on_mobile":true,"border":false,"shadow":false,"separator":false}}},"order":["main","form","icons_bar"]}