{"sections":{"main":{"type":"main-product","blocks":{"gallery":{"type":"gallery","settings":{"show_badges":true,"control_image_size":100,"badge_size":"md","badge_border_radius":1}},"title":{"type":"title","settings":{"text_before":"","text_after":"","show_rating":false,"show_sku":false,"show_price":false,"show_badges":false}},"price":{"type":"price","settings":{"show_badges":true,"show_tax_message":false}},"custom_liquid_qCVep4":{"type":"custom_liquid","disabled":true,"settings":{"heading":"","custom_liquid":"<!-- Inicia el código para mostrar la imagen -->\n<div class=\"custom-image-container\">\n  <img src=\"https:\/\/cdn.shopify.com\/s\/files\/1\/0779\/7394\/6647\/files\/Oferta-Landing-2-Oferta.png?v=1719584468\" alt=\"Oferta Landing 2 Oferta\">\n<\/div>\n<!-- Fin del código para mostrar la imagen -->\n\n<!-- Opcional: Agrega un poco de CSS para centrar la imagen sin espacios arriba y abajo -->\n<style>\n  body {\n    margin: 0;\n    padding: 0;\n  }\n  .custom-image-container {\n    text-align: center;\n    margin: 0;\n  }\n  .custom-image-container img {\n    max-width: 100%;\n    height: auto;\n    display: block;\n    margin: 0 auto;\n  }\n<\/style>"}},"buy_buttons":{"type":"buy_buttons","settings":{"show_dynamic_checkout":true,"gift_card_show_recipient_form":false,"dynamic_checkout_color_scheme":"accent-2","set_up_preorder":false}},"description":{"type":"description","settings":{"is_collapsed":false,"initial_lines":3}},"variant_picker":{"type":"variant_picker","settings":{"picker_type":"button","mark_unavailable_variants":true}}},"block_order":["gallery","title","price","custom_liquid_qCVep4","buy_buttons","description","variant_picker"],"settings":{"enable_sticky_info":false,"enable_quick_add":false,"show_product_img":false,"show_product_variants":false}},"product-bought-together":{"type":"product-bought-together","disabled":true,"settings":{"heading":"Mas vendidos","source":[],"is_random":true,"products_per_page":4,"enable_slider_buttons":true,"badge_size":"sm","badge_border_radius":1,"image_ratio":"settings|product_card_image_ratio"}},"product-tabs":{"type":"product-tabs","blocks":{"description":{"type":"description","settings":{"heading":"Product Description"}},"details":{"type":"details","settings":{"heading":"Details","details_position":"details_in_list"}},"similar":{"type":"similar","settings":{"heading":"Similar Products","source":[],"is_random":true,"products_per_page":4,"badge_size":"sm","badge_border_radius":1,"image_ratio":"settings|product_card_image_ratio","swipe_on_mobile":true,"slideshow_ui_type":"buttons","show_swatch_options_color":false,"show_to_cart_button":true}}},"block_order":["description","details","similar"],"settings":{"tabs_layout":"expanded"}},"17114910369d73c98f":{"type":"apps","blocks":{"ryviu_reviews_qa_ryviu_widget_zW4LNB":{"type":"shopify:\/\/apps\/ryviu-reviews-qa\/blocks\/ryviu-widget\/807ad6ed-1a6a-4559-abea-ed062858d9da","settings":{"r_wapper_class":"","r_max_width":1920,"r_padding_block":0,"hide_when_no_reviews":false,"one_col_on_mobile":false,"hide_title_image_form":false}}},"block_order":["ryviu_reviews_qa_ryviu_widget_zW4LNB"],"settings":{"include_margins":true}},"product-recommendations":{"type":"product-recommendations","disabled":true,"settings":{"heading":"Customers also bought","products_per_page":5,"use_search_and_discovery_app":true,"product_list":[],"swipe_on_mobile":true,"slideshow_ui_type":"buttons","badge_size":"sm","badge_border_radius":1,"image_ratio":"settings|product_card_image_ratio","show_swatch_options_color":false,"show_to_cart_button":true}},"product-complementary":{"type":"product-complementary","disabled":true,"settings":{"heading":"Complementary products","products_per_page":5,"use_search_and_discovery_app":true,"product_list":[],"swipe_on_mobile":false,"slideshow_ui_type":"buttons","badge_size":"sm","badge_border_radius":1,"image_ratio":"settings|product_card_image_ratio","show_swatch_options_color":false,"show_to_cart_button":true}},"icons_bar":{"type":"icons-bar","blocks":{"icon-bar-1":{"type":"icon","settings":{"icon":"truck","text":"<p><b>ITEM BAR TITLE<\/b><\/p><p>Share shipping, delivery, policy information.<\/p>"}},"icon-bar-2":{"type":"icon","settings":{"icon":"clock","text":"<p><b>ITEM BAR TITLE<\/b><\/p><p>Share shipping, delivery, policy information.<\/p>"}},"icon-bar-3":{"type":"icon","settings":{"icon":"calendar","text":"<p><b>ITEM BAR TITLE<\/b><\/p><p>Share shipping, delivery, policy information.<\/p>"}},"icon-bar-4":{"type":"icon","settings":{"icon":"clipboard-check","text":"<p><b>ITEM BAR TITLE<\/b><\/p><p>Share shipping, delivery, policy information.<\/p>"}}},"block_order":["icon-bar-1","icon-bar-2","icon-bar-3","icon-bar-4"],"disabled":true,"settings":{"color_scheme":"background-2","visibility":"all","swipe_on_mobile":true,"border":false,"shadow":false,"separator":false}}},"order":["main","17114910369d73c98f","product-bought-together","product-tabs","product-recommendations","product-complementary","icons_bar"]}