{"sections":{"main":{"type":"main-product","blocks":{"title":{"type":"title","disabled":true,"settings":{"text_before":"{{ product.vendor }}","text_after":"","show_rating":true,"show_sku":true,"show_price":true,"show_badges":true}},"manage_stock":{"type":"manage_stock","disabled":true,"settings":{"stock_counter":"10","show_social_sharing":true}},"gallery":{"type":"gallery","disabled":true,"settings":{"show_badges":true,"control_image_size":100,"badge_size":"lg","badge_border_radius":1}},"buy_buttons":{"type":"buy_buttons","disabled":true,"settings":{"show_dynamic_checkout":true,"gift_card_show_recipient_form":false,"dynamic_checkout_color_scheme":"inverse","set_up_preorder":false}},"price":{"type":"price","disabled":true,"settings":{"show_badges":true,"show_tax_message":false}},"description":{"type":"description","settings":{"is_collapsed":false,"initial_lines":3}},"variant_picker":{"type":"variant_picker","disabled":true,"settings":{"picker_type":"button","mark_unavailable_variants":true}},"quantity_selector":{"type":"quantity_selector","disabled":true,"settings":{}},"pickup":{"type":"pickup","disabled":true,"settings":{}}},"block_order":["title","manage_stock","gallery","buy_buttons","price","description","variant_picker","quantity_selector","pickup"],"settings":{"enable_sticky_info":true,"enable_quick_add":false,"show_product_img":true,"show_product_variants":true}},"product-bought-together":{"type":"product-bought-together","disabled":true,"settings":{"heading":"Frequently Bought Together","source":[],"is_random":true,"products_per_page":4,"enable_slider_buttons":true,"badge_size":"sm","badge_border_radius":1,"image_ratio":"settings|product_card_image_ratio"}},"product-tabs":{"type":"product-tabs","blocks":{"description":{"type":"description","settings":{"heading":"Product Description"}},"details":{"type":"details","settings":{"heading":"Details","details_position":"details_in_list"}},"reviews":{"type":"reviews","settings":{"heading":"Customer Reviews","app_review":"spr"}},"similar":{"type":"similar","settings":{"heading":"Similar Products","source":[],"is_random":true,"products_per_page":4,"badge_size":"sm","badge_border_radius":1,"image_ratio":"settings|product_card_image_ratio","swipe_on_mobile":true,"slideshow_ui_type":"buttons","show_swatch_options_color":false,"show_to_cart_button":true}}},"block_order":["description","details","reviews","similar"],"disabled":true,"settings":{"tabs_layout":"expanded"}},"product-recommendations":{"type":"product-recommendations","disabled":true,"settings":{"heading":"Customers also bought","products_per_page":5,"use_search_and_discovery_app":true,"product_list":[],"swipe_on_mobile":true,"slideshow_ui_type":"buttons","badge_size":"sm","badge_border_radius":1,"image_ratio":"settings|product_card_image_ratio","show_swatch_options_color":false,"show_to_cart_button":true}},"product-complementary":{"type":"product-complementary","disabled":true,"settings":{"heading":"Complementary products","products_per_page":5,"use_search_and_discovery_app":true,"product_list":[],"swipe_on_mobile":false,"slideshow_ui_type":"buttons","badge_size":"sm","badge_border_radius":1,"image_ratio":"settings|product_card_image_ratio","show_swatch_options_color":false,"show_to_cart_button":true}},"icons_bar":{"type":"icons-bar","blocks":{"icon-bar-1":{"type":"icon","settings":{"icon":"truck","text":"<p><b>ITEM BAR TITLE<\/b><\/p><p>Share shipping, delivery, policy information.<\/p>"}},"icon-bar-2":{"type":"icon","settings":{"icon":"clock","text":"<p><b>ITEM BAR TITLE<\/b><\/p><p>Share shipping, delivery, policy information.<\/p>"}},"icon-bar-3":{"type":"icon","settings":{"icon":"calendar","text":"<p><b>ITEM BAR TITLE<\/b><\/p><p>Share shipping, delivery, policy information.<\/p>"}},"icon-bar-4":{"type":"icon","settings":{"icon":"clipboard-check","text":"<p><b>ITEM BAR TITLE<\/b><\/p><p>Share shipping, delivery, policy information.<\/p>"}}},"block_order":["icon-bar-1","icon-bar-2","icon-bar-3","icon-bar-4"],"disabled":true,"settings":{"color_scheme":"background-2","visibility":"all","swipe_on_mobile":true,"border":false,"shadow":false,"separator":false}},"17114910369d73c98f":{"type":"apps","settings":{"include_margins":true}}},"order":["main","product-bought-together","product-tabs","product-recommendations","product-complementary","icons_bar","17114910369d73c98f"]}