{"name":"t:sections.footer.name","type":"footer","sections":{"featured_collection_jw6M9h":{"type":"featured-collection","disabled":true,"settings":{"title":"Productos destacados","collection":"frontpage","products_to_show":8,"products_per_row":4,"swipe_on_mobile":true,"show_mobile_scrollbar":true,"slideshow_ui_type":"buttons","show_view_all":true,"view_all_appearance":"button","view_all_position":"title","badge_size":"sm","badge_border_radius":1,"image_ratio":"settings|product_card_image_ratio","show_to_cart_button":true,"add_cover":true,"cover_text_color":"#ffffff","cover_background":"#1c73f5","cover_background_gradient":"","cover_button_text_color":"#333333","cover_button_background":"#ffffff","cover_button_background_gradient":""}},"footer":{"type":"footer","blocks":{"footer-contacts":{"type":"footer-contacts","settings":{"color_bg":"#2b4f9e","color_fg":"#ffffff","image_show":false,"image_width":100,"image_align":"center","address":"<p>Tienda Online<\/p><p>Bodegas: Bogota, Cali, Medellin<\/p>","show_email":true,"show_phone":true,"show_newsletter":true}},"newsletter_j93er3":{"type":"newsletter","settings":{"title":"Suscríbete","subtext":"<p>Suscríbete y recibe nuestras últimas noticias y descuento.<\/p>"}},"menu_aCV6L4":{"type":"menu","settings":{"title":"Políticas","menu":"footer"}},"menu-4":{"type":"menu","disabled":true,"settings":{"title":"Quick links","menu":"footer"}}},"block_order":["footer-contacts","newsletter_j93er3","menu_aCV6L4","menu-4"],"settings":{"full_width":false,"show_policy":true,"follow_on_shop":false,"payment_enable":false,"custom_payment_icon":"","control_icon_width":60}}},"order":["featured_collection_jw6M9h","footer"]}