{"name":"t:sections.header.name","type":"header","sections":{"custom_liquid_dUBdQY":{"type":"custom-liquid","disabled":true,"settings":{"title":"","custom_liquid":"<!DOCTYPE html>\n<html lang=\"es\">\n<head>\n<meta charset=\"UTF-8\">\n<meta name=\"viewport\" content=\"width=device-width, initial-scale=1.0\">\n<title>Barra fija de largo completo con texto centrado y texto en negrita<\/title>\n<style>\n    .barra {\n        background-color: #000000;\n        text-align: center;\n        color: white;\n        padding: 10px 0; \/* Ajusta el espacio interno de la barra *\/\n        position: fixed; \/* Hace que la barra sea fija *\/\n        width: 100%; \/* Hace que la barra ocupe todo el ancho de la ventana *\/\n        top: 0; \/* Fija la barra en la parte superior *\/\n        left: 0; \/* Fija el borde izquierdo de la barra en la posición cero *\/\n        z-index: 1000; \/* Asegura que la barra esté por encima de otros elementos *\/\n    }\n\n    .barra p {\n        font-weight: bold; \/* Hace que el texto esté en negrita *\/\n    }\n\n    \/* Añade margen superior al cuerpo para evitar que el contenido sea ocultado por la barra *\/\n    body {\n        margin-top: 43px; \/* Ajusta el valor según el tamaño de la barra *\/\n    }\n<\/style>\n<\/head>\n<body>\n\n<div class=\"barra\">\n    <p>🔥HOTSALE🔥 PAGAS AL RECIBIR<\/p>\n<\/div>\n<\/body>\n<\/html>"}},"header_top":{"type":"header-top","disabled":true,"settings":{"full_width":true,"message":"Tecnologia a tu alcance","show_phone":true,"show_email":true,"add_border_bottom":true}},"header":{"type":"header","settings":{"full_width":false,"logo":"shopify:\/\/shop_images\/Mobile_160_x_40.png","logo_width":110,"dislay_shopname_on_mobile":false,"show_switcher_language":false,"show_switcher_country":false,"enable_sticky_header":false,"add_border_searchfield":false,"add_border_bottom":false,"menu":"main-menu","second_level_menu_width":"full-width","megamenu_items":"","smallmenu_items":"","activate_top_level_menu":"on_hover","first_item_bg_highlighted":true,"enable_dropdown_menu_animation":false,"show_collection_icon":false,"collection_icon_width":30,"collection_icon_possition":"center","show_collection_image":false,"main_items_per_row":4,"second_dropdown_limit_qty_categories_link":"Shop All","second_dropdown_limit_qty_categories":5,"show_overlay":false}},"breadcrumbs":{"type":"breadcrumbs","disabled":true,"settings":{"show_breadcrumbs_on_mobile":true}}},"order":["custom_liquid_dUBdQY","header_top","header","breadcrumbs"]}