{"current":{"favicon":"shopify:\/\/shop_images\/Desktop_16_x_16.png","superscript_decimals":false,"show_swatch_colors":false,"scroll_top_enabled":true,"logo_position":"left","show_search_icon_only":false,"cookie_banner_title":"<p><strong>Permisos de cookies<\/strong><\/p><p>Utilizamos cookies para mejorar su experiencia en nuestro sitio web. Al utilizar nuestro sitio web, usted acepta nuestro uso de cookies.<\/p>","colors_accent_1":"#2b4f9e","colors_accent_1_inverse":"#ffffff","colors_accent_2":"#a8d4b8","colors_accent_2_inverse":"#000000","colors_text":"#000000","colors_link":"#2b4f9e","colors_final_price":"#2b4f9e","colors_background_1":"#FFFFFF","colors_background_2":"#F4F4F5","colors_background_gradient":"","colors_header_text":"#000000","colors_header_background":"#ffffff","colors_header_background_gradient":"","colors_header_dd_background":"#ffffff","colors_header_dd_text":"#2b4f9e","colors_header_dd_third_level_background":"rgba(0,0,0,0)","colors_header_dd_third_level_text":"rgba(0,0,0,0)","colors_footer_background":"#2b4f9e","colors_footer_contacts_background_gradient":"","colors_footer_background_gradient":"","colors_footer_foreground":"#ffffff","colors_badge_custom_background":"rgba(0,0,0,0)","colors_badge_custom_foreground":"rgba(0,0,0,0)","colors_badge_sale_background":"#a8d4b8","colors_badge_sale_background_gradient":"","colors_badge_sale_foreground":"#FFFFFF","colors_badge_soldout_background":"#A9A9A9","colors_badge_soldout_background_gradient":"","colors_badge_soldout_foreground":"#2b4f9e","colors_badge_new__background_color":"rgba(0,0,0,0)","colors_badge_new__background_gradient":"","colors_badge_new__foreground_color":"rgba(0,0,0,0)","colors_badge_preorder__background_color":"rgba(0,0,0,0)","colors_badge_preorder__background_gradient":"","colors_badge_preorder__foreground_color":"rgba(0,0,0,0)","in_stock_label_color":"#a8d4b8","out_of_stock_label_color":"#2b4f9e","type_header_font":"montserrat_n7","font_heading_size":26,"bold_first_heading_word":false,"type_body_font":"open_sans_n6","type_layout_max_width":1200,"share_facebook":true,"share_twitter":true,"share_pinterest":true,"social_twitter_link":"","social_facebook_link":"","social_pinterest_link":"","social_instagram_link":"","social_tiktok_link":"","social_tumblr_link":"","social_snapchat_link":"","social_youtube_link":"","social_vimeo_link":"","social_linkedin_link":"","badge_custom__text":"","badge_custom__position":"none","badge_onsale__position":"bottom-right","badge_soldout__text":"Agotado","badge_soldout__position":"none","badge_new__text":"","badge_new__position":"none","badge_preorder__text":"","badge_preorder__position":"none","product_card_image_ratio":"1","product_card_secondary_image":true,"product_card_vendor":false,"price_label":false,"compare_products":false,"product_card_rating":false,"contact_phone":"+57 3170622786","contact_email":"info@primetechlatam.com","predictive_search_enabled":true,"predictive_search_show_stock":true,"predictive_search_min_query_length":3,"predictive_search_show_collections":true,"predictive_search_show_pages":true,"predictive_search_show_articles":true,"predictive_search_view_all_button":true,"minicart_enabled":false,"minicart_type":"dropdown","minicart_show_sku":false,"minicart_link_to_cart":true,"apply_elements_design":false,"checkout_body_background_color":"#ffffff","checkout_accent_color":"#fd5e02","checkout_button_color":"#fd5e02","checkout_error_color":"#fd5e02","colors_accent_1_gradient":"","sections":{"overlay":{"type":"overlay","settings":{}}},"content_for_index":[],"blocks":{"6478312753674380289":{"type":"shopify:\/\/apps\/gempages-builder\/blocks\/embed-gp-script-head\/20b379d4-1b20-474c-a6ca-665c331919f3","disabled":false,"settings":{}},"15557474716127144420":{"type":"shopify:\/\/apps\/kaching-bundles\/blocks\/app-embed-block\/6c637362-a106-4a32-94ac-94dcfd68cdb8","disabled":false,"settings":{}},"1990815452989453926":{"type":"shopify:\/\/apps\/ryviu-reviews-qa\/blocks\/ryviu-js\/807ad6ed-1a6a-4559-abea-ed062858d9da","disabled":false,"settings":{}},"2965712708760319418":{"type":"shopify:\/\/apps\/proof-bear-sales-popup\/blocks\/widget\/6e90b7fd-96ea-488b-9571-34f0c382838a","disabled":true,"settings":{}},"13669795325273674392":{"type":"shopify:\/\/apps\/releasit-cod-form\/blocks\/app-embed\/72faf214-4174-4fec-886b-0d0e8d3af9a2","disabled":false,"settings":{}}}},"presets":{"Default":{"type_header_font":"open_sans_n4","type_body_font":"open_sans_n4","superscript_decimals":false,"show_swatch_colors":false,"scroll_top_enabled":true,"logo_position":"left","show_search_icon_only":false,"colors_accent_1":"#E13124","colors_accent_1_gradient":"","colors_accent_1_inverse":"#ffffff","colors_accent_2":"#1e8060","colors_accent_2_inverse":"#ffffff","colors_text":"#2e2e2e","colors_link":"#E13124","colors_final_price":"#E13124","colors_background_1":"#FFFFFF","colors_background_2":"#F4F4F5","colors_background_gradient":"","colors_header_text":"#ffffff","colors_header_background":"#101824","colors_header_background_gradient":"","colors_header_dd_background":"#fafafa","colors_header_dd_text":"#2e2e2e","colors_header_dd_third_level_background":"#fafafa","colors_header_dd_third_level_text":"#2e2e2e","colors_footer_background":"#262c34","colors_footer_foreground":"#ffffff","colors_footer_contacts_background_gradient":"","colors_footer_background_gradient":"","colors_badge_custom_background":"#ff580d","colors_badge_custom_foreground":"#FFFFFF","colors_badge_sale_background":"#E13124","colors_badge_sale_foreground":"#FFFFFF","colors_badge_sale_background_gradient":"","colors_badge_soldout_background":"#A9A9A9","colors_badge_soldout_foreground":"#000000","colors_badge_soldout_background_gradient":"","colors_badge_new__background_color":"#7fb800","colors_badge_new__background_gradient":"","colors_badge_new__foreground_color":"#FFFFFF","colors_badge_preorder__background_color":"#00a6ed","colors_badge_preorder__background_gradient":"","colors_badge_preorder__foreground_color":"#FFFFFF","in_stock_label_color":"#1E8060","out_of_stock_label_color":"#A9A9A9","font_heading_size":36,"type_layout_max_width":1200,"share_facebook":true,"share_twitter":true,"share_pinterest":true,"social_twitter_link":"","social_facebook_link":"","social_pinterest_link":"","social_instagram_link":"","social_tiktok_link":"","social_tumblr_link":"","social_snapchat_link":"","social_youtube_link":"","social_vimeo_link":"","social_linkedin_link":"","badge_custom__text":"","badge_custom__position":"top-right","badge_onsale__position":"top-left","badge_soldout__text":"Sold out","badge_soldout__position":"bottom-left","badge_new__text":"New arrival","badge_new__position":"top-left","badge_preorder__text":"Pre-order","badge_preorder__position":"top-left","product_card_image_ratio":"1","product_card_secondary_image":true,"product_card_vendor":true,"price_label":true,"product_card_rating":true,"compare_products":false,"contact_phone":"+01 122 334 566","contact_email":"contact@shopifycharge.com","predictive_search_enabled":true,"predictive_search_show_stock":false,"predictive_search_min_query_length":3,"predictive_search_show_collections":true,"predictive_search_show_pages":true,"predictive_search_show_articles":true,"predictive_search_view_all_button":true,"minicart_enabled":true,"minicart_type":"dropdown","minicart_show_sku":false,"minicart_link_to_cart":true,"apply_elements_design":false}}}